name,type,min,max,inclusive,bins,seconds,calls_per_sec,chi2,max_rel_dev,serial_corr_lag1,runs_z,counts_csv,dist_png
int_0_10,int,0,10,True,11,2.8213941189460456,354434.70775134314,11.610972,0.0054109999999999705,-0.0007401247755904237,382.40951579925286,bench_out/counts_int_0_10.csv,bench_out/dist_int_0_10.png
int_50_1000,int,50,1000,True,951,2.459555618930608,406577.5103043983,998.7660379999968,0.09084400000000009,0.0005783775621960145,333.7785993208206,bench_out/counts_int_50_1000.csv,bench_out/dist_int_50_1000.png
int_-100_50,int,-100,50,True,151,3.1965317860012874,312839.060252535,166.41071399999998,0.04899699999999999,0.0006009212973249251,337.0694024665885,bench_out/counts_int_-100_50.csv,bench_out/dist_int_-100_50.png
float_-1.0_1.0_p1,float,-1.0,1.0,True,21,6.279522852040827,159247.7682719162,26.212052,0.009575000000000014,-0.0010853013315303185,358.6750878519509,bench_out/counts_float_-1.0_1.0_p1.csv,bench_out/dist_float_-1.0_1.0_p1.png
float_0.000_0.999_p3,float,0.000,0.999,True,1000,5.830409232992679,171514.5472707603,996.1619999999991,0.107,-0.001085031105299035,334.28454373522925,bench_out/counts_float_0.000_0.999_p3.csv,bench_out/dist_float_0.000_0.999_p3.png
